EventId,InvestigationType,AccidentNumber,EventDate,Location ,Country,Latitude,Longitude,AirportCode,AirportName,InjurySeverity,AircraftDamage,AircraftCategory,RegistrationNumber,Make,Model,AmateurBuilt,NumberOfEngines,EngineType,FARDescription,Schedule,PurposeOfFlight,AirCarrier,TotalFatalInjuries,TotalSeriousInjuries,TotalMinorInjuries,TotalUninjured,WeatherCondition,BroadPhaseOfFlight,ReportStatus,PublicationDate
,Accident,CHI79FA064,08/02/1979,"Canton, OH",United States,,1.1,,,Fatal(1),Destroyed,,N15NY,Cessna,501,No,1,1,1,1,Personal,1,1,2,1,,VMC,APPROACH,Probable Cause,04/16/1980
20001218X45446,Accident,CHI81LA106,08/01/1981,"COTTON, MN",United States,,1.1,,,Fatal(4),Destroyed,,N4988E,CESSNA,180,No,1,Reciprocating,1,1,Personal,1,4,0,0,0,IMC,UNKNOWN,Probable Cause,11/06/2001
20020909X01562,Accident,SEA82DA022,01/01/1982,"PULLMAN, WA",United States,,,,BLACKBURN AG STRIP,Non-Fatal,Substantial,Airplane,N2482N,CESSNA,140,No,1,Reciprocating,Part 91: General Aviation,,Personal,1,0,0,0,2,VMC,TAKEOFF,Probable Cause,01/01/1982
20020909X01561,Accident,NYC82DA015,01/01/1982,"EAST HANOVER, NJ",United States,,,N58,HANOVER,Non-Fatal,Substantial,Airplane,N7967Q,CESSNA,401B,No,2,Reciprocating,Part 91: General Aviation,,Business,1,0,0,0,2,IMC,LANDING,Probable Cause,01/01/1982
20020909X01558,Accident,ATL82DKJ10,01/01/1982,"TUSKEGEE, AL",United States,,,,TUSKEGEE,Non-Fatal,Substantial,,N4275S,BEECH,V35B,No,1,Reciprocating,1,1,Personal,1,0,0,0,1,VMC,LANDING,Probable Cause,01/01/1982
20020917X02131,Accident,FTW82FQG14,02/01/1982,"PAMPA, TX",United States,,,,,Fatal(2),Destroyed,Airplane,N58947,CESSNA,182,No,1,Reciprocating,Part 91: General Aviation,,Personal,1,2,0,0,0,IMC,MANEUVERING,Probable Cause,02/01/1983
20020917X02480,Accident,NYC82AA028,02/01/1982,"GROTON, CT",United States,,,GON,GROTON-NEW LONDON,Non-Fatal,Destroyed,Airplane,N451C,BEECH,99,No,2,Turbo Prop,Part 135: Air Taxi & Commuter,SCHD,Unknown,PILGRIM AIRLINES,0,5,2,0,IMC,APPROACH,Probable Cause,02/01/1983
20020917X02413,Accident,MIA82FLD13,02/01/1982,"CRYSTAL RIVER, FL",United States,,,X31,CRYSTAL RIVER,Non-Fatal,Destroyed,Airplane,N5111D,CESSNA,172,No,1,Reciprocating,Part 91: General Aviation,,Unknown,1,0,1,1,0,VMC,TAKEOFF,Probable Cause,02/01/1983
20020917X02315,Accident,LAX82FVD09,02/01/1982,"SONOMA, CA",,,,SVA,SONOMA VALLEY,Non-Fatal,Substantial,Airplane,N5067C,BELLANCA,7ECA,No,1,Reciprocating,Part 91: General Aviation,,Instructional,1,0,0,0,1,VMC,TAKEOFF,Probable Cause,02/01/1983
20020917X02413,Accident,MIA82FLD13,02/01/1982,"CRYSTAL RIVER, FL",United States,,,X31,CRYSTAL RIVER,Non-Fatal,Destroyed,Airplane,N5111D,CESSNA,172,No,1,Reciprocating,Part 91: General Aviation,,Unknown,,0,1,1,0,VMC,TAKEOFF,Probable Cause,02/01/1983
20020917X02170,Accident,LAX82DA059,02/01/1982,"LAS VEGAS, NV",United States,,,VGT,N. LAS VEGAS AIR TERMINAL,Non-Fatal,Substantial,Airplane,N5481S,CESSNA,TR182,No,1,Reciprocating,Part 91: General Aviation,,Personal,,0,0,0,2,VMC,LANDING,Probable Cause,02/01/1983
20020917X02135,Accident,FTW82FRA15,02/01/1982,"HITCHCOCK, TX",United States,,,,HELIPAD,Non-Fatal,Destroyed,Helicopter,N213EH,AEROSPATIALE,SA-360C,No,1,Turbo Shaft,Part 91: General Aviation,,Ferry,,0,1,0,0,VMC,CRUISE,Probable Cause,02/01/1983
20020917X02006,Accident,FTW82DA053,02/01/1982,"LAS CRUCES, NM",United States,,,LCR,CRAWFORD,Non-Fatal,Substantial,Airplane,N2575X,CESSNA,P206,No,1,Reciprocating,Part 91: General Aviation,,Personal,,0,0,0,3,VMC,LANDING,Probable Cause,02/01/1983
20020917X01922,Accident,DEN82DA028,02/01/1982,"ROCK SPRINGS, WY",United States,,,,,Non-Fatal,Substantial,Airplane,N8178F,PIPER,PA-32,No,1,Reciprocating,Part 135: Air Taxi & Commuter,NSCH,Unknown,ALPINE AVIATION,0,1,0,0,IMC,CRUISE,Probable Cause,02/01/1983
20020917X01784,Accident,CHI82DA033,02/01/1982,"ANDERSON, IN",United States,,,AID,ANDERSON MUNICIPAL,Non-Fatal,Substantial,Airplane,N5400G,GRUMMAN,1159,No,2,Turbo Jet,Part 91: General Aviation,,Executive/Corporate,,0,0,0,4,VMC,LANDING,Probable Cause,02/01/1983
20020917X01673,Accident,ATL82DA062,03/01/1982,"GRIFFIN, GA",United States,,,6A2,GRIFFIN SPALDING,Fatal(1),Minor,,N4732Y,PIPER,PA-25-235,No,1,Reciprocating,,,Unknown,,1,,1,1,VMC,MANEUVERING,Probable Cause,03/01/1983
20020917X02199,Accident,LAX82DA112,03/01/1982,"GLENDALE, AZ",United States,,,P37,GLENDALE MUNI,Non-Fatal,Substantial,Airplane,N2524U,PIPER,PA-28-161,No,1,Reciprocating,Part 91: General Aviation,,Business,,0,0,0,2,VMC,TAXI,Probable Cause,03/01/1983
20020917X02058,Accident,FTW82DA115,03/01/1982,"BIG SPRING, TX",United States,,,BGS,BIG SPRING,Non-Fatal,Substantial,Airplane,N8832L,PIPER,PA-25-235C,No,1,Reciprocating,Part 91: General Aviation,,Personal,,0,0,0,1,VMC,TAXI,Probable Cause,03/01/1983
20020917X02029,Accident,FTW82DA079,03/01/1982,"NOACK, TX",United States,,,,,Non-Fatal,Substantial,Airplane,N5131U,CESSNA,U206,No,1,Reciprocating,Part 91: General Aviation,,Unknown,,0,0,0,2,VMC,CRUISE,Probable Cause,03/01/1983
20020917X02028,Accident,FTW82DA078,03/01/1982,"MENA, AR",United States,,,M39,INTERMOUNTAIN REGIONAL,Non-Fatal,Substantial,Airplane,N50402,BELLANCA,8GCBC,No,1,Reciprocating,Part 91: General Aviation,,Personal,,0,0,0,1,VMC,LANDING,Probable Cause,03/01/1983
20020917X02024,Accident,FTW82DA074,03/01/1982,"TEMPLE, TX",United States,,,TPI,TEMPLE MUNICIPAL,Non-Fatal,Substantial,Airplane,N2395L,PIPER,PA-38-112,No,1,Reciprocating,Part 91: General Aviation,,Personal,,0,0,0,1,VMC,LANDING,Probable Cause,03/01/1983
20020917X01930,Accident,DEN82DA037,03/01/1982,"ALMA, CO",United States,,,,,Non-Fatal,Substantial,Helicopter,N580P,BELL,206B III,No,1,Turbo Shaft,Part 91: General Aviation,,Business,,0,0,0,2,VMC,CRUISE,Probable Cause,03/01/1983
20020917X01672,Accident,ATL82DA061,03/01/1982,"LAUREL, MS",United States,,,LUL,LAUREL-NOBLE,Non-Fatal,Destroyed,Airplane,N2263K,HOMEBUILT,PDQ-2,Yes,1,Reciprocating,Part 91: General Aviation,,Personal,,0,0,1,0,VMC,TAXI,Probable Cause,03/01/1983
20020917X02140,Accident,FTW82FRD09,04/01/1982,"NEW ORLEANS, LA",United States,,,,,Fatal(2),Destroyed,Airplane,N100TK,CESSNA,A185E,No,1,Reciprocating,Part 91: General Aviation,,Business,,2,0,0,0,VMC,TAKEOFF,Probable Cause,04/01/1983
20020917X02521,Accident,NYC82DA067,04/01/1982,"BUTLER, PA",United States,,,,BUTLER-FARM SHOW,Non-Fatal,Substantial,Airplane,N2998R,PIPER,PA-28R-200,No,1,Reciprocating,Part 91: General Aviation,,Personal,,0,0,0,1,VMC,LANDING,Probable Cause,04/01/1983
20020917X02210,Accident,LAX82DA126,04/01/1982,"WINTERS, CA",United States,,,2Q3,YOLO COUNTY,Non-Fatal,Substantial,Airplane,N35919,CESSNA,206-F,No,1,Reciprocating,Part 91: General Aviation,,Personal,,0,0,0,1,VMC,CLIMB,Probable Cause,04/01/1983
20020917X01852,Accident,CHI82DA109,04/01/1982,"NOKOMIS, IL",United States,,,,PRIVATE STRIP,Non-Fatal,Substantial,Airplane,N4936A,CESSNA,180,No,1,Reciprocating,Part 91: General Aviation,,Personal,,0,0,0,1,VMC,TAKEOFF,Probable Cause,04/01/1983
20020917X01693,Accident,ATL82DA090,04/01/1982,"HAZLEHURST, GA",United States,,,,,Non-Fatal,Substantial,Airplane,N1360H,PIPER,PA-28-140,Yes,1,Reciprocating,Part 91: General Aviation,,Instructional,,0,0,0,1,VMC,TAKEOFF,Probable Cause,04/01/1983
20020917X02386,Accident,MIA82DA103,04/01/1982,"MIAMI, FL",United States,,,MIA,MIAMI INTL,Non-Fatal,Substantial,,N3587D,PIPER,PA-31-350,No,2,Reciprocating,,,Unknown,,,,,1,VMC,TAXI,Probable Cause,04/01/1983
20020917X02383,Accident,MIA82DA098,04/01/1982,"ORMOND BEACH, FL",United States,,,OMN,ORMOND BEACH,Non-Fatal,Substantial,,N23ER,CESSNA,172,No,1,Reciprocating,,,Instructional,,,,,1,VMC,TAXI,Probable Cause,04/01/1983
20020917X03056,Accident,CHI82FA144,05/01/1982,"BOWLING GREEN, OH",United States,,,1G0,WOOD COUNTY,Fatal(4),Destroyed,Airplane,N40999,PIPER,PA-28-140,No,1,Reciprocating,Part 91: General Aviation,,Personal,,4,0,0,0,VMC,TAKEOFF,Probable Cause,05/01/1983
20020917X04074,Accident,SEA82DA063,05/01/1982,"SALMON, ID",United States,,,SMN,SALMON,Non-Fatal,Substantial,Airplane,N28492,GRUMMAN,AA-5B,No,1,Reciprocating,Part 91: General Aviation,,Personal,,0,0,0,4,VMC,LANDING,Probable Cause,05/01/1983
20020917X04013,Accident,NYC82DHD11,05/01/1982,"NEW EGYPT, NJ",United States,,,,,Non-Fatal,Destroyed,Helicopter,N1002P,BELL,47G,No,1,Reciprocating,Part 137: Agricultural,UNK,Aerial Application,,0,0,1,0,VMC,MANEUVERING,Probable Cause,05/01/1983
20020917X03905,Accident,NYC82DA088,05/01/1982,"FARMINGDALE, NY",United States,,,FRG,FARMINGDALE,Non-Fatal,Substantial,Airplane,N8355P,PIPER,PA-24-250,No,1,Reciprocating,Part 91: General Aviation,,Personal,,0,0,0,1,VMC,LANDING,Probable Cause,05/01/1983
20020917X03892,Incident,MKC82IA070,05/01/1982,"AVA, MO",United States,,,73K,BILL MARTIN MEMORIAL,Incident,Minor,Airplane,N9783R,BEECH,M35,No,1,Reciprocating,Part 91: General Aviation,,Personal,,0,0,0,2,VMC,CRUISE,Probable Cause,05/01/1983
20020917X03790,Accident,MKC82DA067,05/01/1982,"NEVADA, IA",United States,,,1Y4,MUNICIPAL,Non-Fatal,Substantial,Airplane,N11894,CESSNA,150,No,1,Reciprocating,Part 91: General Aviation,,Instructional,,0,0,0,1,VMC,GO-AROUND,Probable Cause,05/01/1983
20020917X03781,Accident,MIA82FA115,05/01/1982,"FT. PIERCE, FL",United States,,,FPR,ST. LUCIE COUNTY,Non-Fatal,Substantial,Helicopter,N90249,ROBINSON,R-22,No,1,Reciprocating,Part 91: General Aviation,,Instructional,,0,0,0,2,VMC,DESCENT,Probable Cause,05/01/1983
20020917X03642,Accident,LAX82FA156B,05/01/1982,"CAMARILLO, CA",United States,,,CMA,CAMARILLO,Non-Fatal,Minor,Airplane,N7254L,GRUMMAN,AA-1A,No,1,Reciprocating,Part 91: General Aviation,,Personal,,0,0,2,1,VMC,APPROACH,Probable Cause,05/01/1983
20020917X03642,Accident,LAX82FA156A,05/01/1982,"CAMARILLO, CA",United States,,,CMA,CAMARILLO,Non-Fatal,Substantial,Airplane,N24584,BEECH,A24R,No,1,Reciprocating,Part 91: General Aviation,,Instructional,,0,0,2,1,VMC,APPROACH,Probable Cause,05/01/1983
20020917X03519,Accident,LAX82DA157,05/01/1982,"CHANDLER, AZ",United States,,,P19,STELLER AIRPARK,Non-Fatal,Substantial,Airplane,N82016,PIPER,PA-18-150,No,1,Reciprocating,Part 91: General Aviation,,Personal,,0,0,0,2,VMC,LANDING,Probable Cause,05/01/1983
20020917X03518,Accident,LAX82DA156,05/01/1982,"NORTH LAS VEGAS, NV",United States,,,,,Non-Fatal,Substantial,Helicopter,N90764,ROBINSON,R-22HP,No,1,Reciprocating,Part 91: General Aviation,,Unknown,,0,0,1,1,VMC,LANDING,Probable Cause,05/01/1983
20020917X03517,Accident,LAX82DA154,05/01/1982,"NORTH LAS VEGAS, NV",United States,,,,,Non-Fatal,Destroyed,Helicopter,N9336F,HUGHES,269B,No,1,Reciprocating,Part 91: General Aviation,,Unknown,,0,0,1,1,VMC,CRUISE,Probable Cause,05/01/1983
20020917X03255,Accident,FTW82DA174,05/01/1982,"ERICK, OK",United States,,,,,Non-Fatal,Destroyed,Airplane,N5186N,BOEING,E75,No,1,Reciprocating,Part 137: Agricultural,UNK,Aerial Application,,0,0,0,1,VMC,MANEUVERING,Probable Cause,05/01/1983
20020917X03247,Accident,FTW82DA163,05/01/1982,"RACHAL, TX",United States,,,,,Non-Fatal,Substantial,Airplane,N4955F,CESSNA,TU-206A,No,1,Reciprocating,Part 91: General Aviation,,Unknown,,0,0,0,1,UNK,UNKNOWN,Probable Cause,05/01/1983
20020917X03243,Accident,FTW82DA157,05/01/1982,"HARRISON, AR",United States,,,HRO,BOONE COUNTY,Non-Fatal,Substantial,Airplane,N704EY,CESSNA,150M,No,1,Reciprocating,Part 91: General Aviation,,Personal,,0,0,0,2,VMC,MANEUVERING,Probable Cause,05/01/1983
20020917X03113,Accident,DEN82DA080,05/01/1982,"ERIE, CO",United States,,,48V,ERIE AIRPARK,Non-Fatal,Substantial,Airplane,N13845,PIPER,PA-23,No,2,Reciprocating,Part 91: General Aviation,,Business,,0,0,0,1,VMC,TAKEOFF,Probable Cause,05/01/1983
20020917X03110,Accident,DEN82DA077,05/01/1982,"HANKSVILLE, UT",United States,,,U07,BULLFROG BASIN,Non-Fatal,Substantial,Airplane,N6032Q,MOONEY,M20E,No,1,Reciprocating,Part 91: General Aviation,,Personal,,0,0,0,3,VMC,LANDING,Probable Cause,05/01/1983
20020917X02901,Accident,CHI82DA148,05/01/1982,"DILLSBORO, IN",United States,,,,,Non-Fatal,Substantial,Airplane,N8940A,BEECH,C35,No,1,Reciprocating,Part 91: General Aviation,,Personal,,0,0,0,4,VMC,CRUISE,Probable Cause,05/01/1983
20020917X02900,Accident,CHI82DA147,05/01/1982,"PENDLETON, IN",United States,,,IN31,HUNTZINGER,Non-Fatal,Destroyed,Airplane,N98L,MONG SPORT,MS-1,Yes,1,Reciprocating,Part 91: General Aviation,,Personal,,0,1,0,0,VMC,APPROACH,Probable Cause,05/01/1983
20020917X02721,Accident,ATL82DA123B,05/01/1982,"MARIETTA, GA",United States,,,8A4,MCCOLLUM,Non-Fatal,Minor,Airplane,N74189,BOEING,A75N1,No,1,Reciprocating,Part 91: General Aviation,,Personal,,0,0,0,3,VMC,LANDING,Probable Cause,05/01/1983
20020917X02721,Accident,ATL82DA123A,05/01/1982,"MARIETTA, GA",United States,,,8A4,MCCOLLUM,Non-Fatal,Substantial,Airplane,N3715S,CESSNA,172E,No,1,Reciprocating,Part 91: General Aviation,,Personal,,0,0,0,3,VMC,TAKEOFF,Probable Cause,05/01/1983
20020917X02718,Accident,ATL82DA119,05/01/1982,"COLUMBUS, MS",United States,,,,PRIVATE FARM FIELD,Non-Fatal,Substantial,Airplane,N9557G,CESSNA,A188,No,1,Reciprocating,Part 137: Agricultural,UNK,Aerial Application,,0,0,0,1,VMC,TAKEOFF,Probable Cause,05/01/1983
20020917X02717,Accident,ATL82DA118,05/01/1982,"TIMMONSVILLE, SC",United States,,,,LOCKHART,Non-Fatal,Substantial,Airplane,N3192Z,PIPER,PA-18A,No,1,Reciprocating,Part 91: General Aviation,,Personal,,0,0,0,2,VMC,APPROACH,Probable Cause,05/01/1983
20020917X04088,Accident,SEA82DA080,06/01/1982,"SPRAGUE, WA",United States,,,,,Non-Fatal,Destroyed,Airplane,N88012,EAGLE,DW-1,No,1,Reciprocating,Part 137: Agricultural,UNK,Aerial Application,,0,0,0,1,VMC,MANEUVERING,Probable Cause,06/01/1983
20020917X03925,Accident,NYC82DA112,06/01/1982,"GREENVILLE, ME",United States,,,,,Non-Fatal,Substantial,Airplane,N52178,CESSNA,172P,No,1,Reciprocating,Part 91: General Aviation,,Personal,,0,0,0,3,VMC,TAKEOFF,Probable Cause,06/01/1983
20020917X03811,Accident,MKC82DA093,06/01/1982,"RED CLOUD, NE",United States,,,7V7,RED CLOUD MUNI,Non-Fatal,Destroyed,Airplane,N5253,GRUMMAN,G-164A,No,1,Reciprocating,Part 137: Agricultural,UNK,Aerial Application,,0,0,1,0,VMC,MANEUVERING,Probable Cause,06/01/1983
20020917X03810,Accident,MKC82DA092,06/01/1982,"THORNTON, IA",United States,,,,,Non-Fatal,Substantial,Airplane,N21722,CESSNA,188B,No,1,Reciprocating,Part 137: Agricultural,UNK,Aerial Application,,0,0,0,1,VMC,MANEUVERING,Probable Cause,06/01/1983
20020917X03287,Accident,FTW82DA207,06/01/1982,"CLARKSVILLE, AR",United States,,,,,Non-Fatal,Substantial,Airplane,N67650,CESSNA,152,No,1,Reciprocating,Part 91: General Aviation,,Personal,,0,0,0,1,VMC,CRUISE,Probable Cause,06/01/1983
20020917X03286,Accident,FTW82DA206,06/01/1982,"ROCKPORT, TX",United States,,,,,Non-Fatal,Substantial,Airplane,N1233L,LAKE,LA-4-200,No,1,Reciprocating,Part 91: General Aviation,,Personal,,0,0,0,3,VMC,TAKEOFF,Probable Cause,06/01/1983
20020917X03285,Accident,FTW82DA205,06/01/1982,"ANGLETON, TX",United States,,,,,Non-Fatal,Destroyed,Airplane,N8974H,GRUMMAN,G-164A,No,1,Reciprocating,Part 137: Agricultural,UNK,Aerial Application,,0,0,0,1,VMC,MANEUVERING,Probable Cause,06/01/1983
20020917X03128,Accident,DEN82DA100,06/01/1982,"GUNNISON, CO",United States,,,GUC,GUNNISON COUNTY,Non-Fatal,Substantial,Airplane,N12AC,CESSNA,T337C,No,2,Reciprocating,Part 91: General Aviation,,Personal,,0,0,1,1,VMC,TAKEOFF,Probable Cause,06/01/1983
20020917X02944,Accident,CHI82DA198,06/01/1982,"NEW PHILADELPHI, OH",United States,,,,,Non-Fatal,Destroyed,Helicopter,N2988W,BELL,47G-5A,No,1,Reciprocating,Part 91: General Aviation,,Aerial Observation,,0,0,2,0,VMC,CRUISE,Probable Cause,06/01/1983
20020917X02744,Accident,ATL82DA151,06/01/1982,"STEVENSON, AL",United States,,,,BRIDGEPORT MUNICIPAL,Non-Fatal,Substantial,Airplane,N28945,PIPER,PA-34-200T,No,2,Reciprocating,Part 91: General Aviation,,Business,,0,0,0,1,VMC,LANDING,Probable Cause,06/01/1983
20020917X03441,Accident,FTW82DRJ13,07/01/1982,"CLARKSVILLE, TX",United States,,,,,Fatal(1),,Airplane,N4437S,AIR TRACTOR,301,No,1,Reciprocating,Part 137: Agricultural,UNK,Aerial Application,,1,0,0,1,VMC,MANEUVERING,Probable Cause,07/01/1983
20020917X03945,Accident,NYC82DA136,07/01/1982,"SIDMAN, PA",United States,,,,CAMBRIA CO.,Non-Fatal,Substantial,Airplane,N735TR,CESSNA,182Q,No,1,Reciprocating,Part 91: General Aviation,,Personal,,0,0,0,4,VMC,DESCENT,Probable Cause,07/01/1983
20020917X03944,Accident,NYC82DA135,07/01/1982,"AMBLER, PA",United States,,,,TURNER FIELD,Non-Fatal,Substantial,Airplane,N75286,PIPER,PA-28-140,No,1,Reciprocating,Part 91: General Aviation,,Instructional,,0,0,0,1,VMC,APPROACH,Probable Cause,07/01/1983
20020917X03826,Accident,MKC82DA111,07/01/1982,"ST. LOUIS, MO",United States,,,02K,ARROWHEAD,Non-Fatal,Substantial,Airplane,N9565U,GRUMMAN,AA1C,No,1,Reciprocating,Part 91: General Aviation,,Instructional,,0,0,0,2,VMC,APPROACH,Probable Cause,07/01/1983
20020917X03714,Accident,LAX82FVD19,07/01/1982,"STOCKTON, CA",United States,,,,,Non-Fatal,Destroyed,Airplane,N4859S,GRUMMAN,G-164B,No,1,Reciprocating,Part 137: Agricultural,UNK,Aerial Application,,0,1,0,0,VMC,MANEUVERING,Probable Cause,07/01/1983
20020917X03672,Accident,LAX82FA245,07/01/1982,"STOCKTON, CA",United States,,,,,Non-Fatal,Substantial,Helicopter,N86689,HILLER,UH-12L3,No,1,Reciprocating,Part 137: Agricultural,UNK,Unknown,,0,0,0,1,VMC,TAKEOFF,Probable Cause,07/01/1983
20020917X03337,Accident,FTW82DA260,07/01/1982,"NEW ORLEANS, LA",United States,,,NEW,LAKEFRONT,Non-Fatal,Substantial,Airplane,N125AC,PIPER,PA-39,No,2,Reciprocating,Part 91: General Aviation,,Personal,,0,0,0,3,VMC,TAKEOFF,Probable Cause,07/01/1983
20020917X03336,Accident,FTW82DA259,07/01/1982,"EL DORADO, OK",United States,,,,,Non-Fatal,Substantial,Airplane,N7692Q,CESSNA,310Q,No,2,Reciprocating,Part 91: General Aviation,,Business,,0,0,0,1,VMC,MANEUVERING,Probable Cause,07/01/1983
20020917X03334,Accident,FTW82DA257,07/01/1982,"EPPS, LA",United States,,,,,Non-Fatal,Substantial,Airplane,N6562,GRUMMAN,G-164A,No,1,Reciprocating,Part 137: Agricultural,UNK,Aerial Application,,0,0,0,1,VMC,MANEUVERING,Probable Cause,07/01/1983
20020917X03148,Accident,DEN82DA124,07/01/1982,"CALHAN, CO",United States,,,5V4,CALHAN,Non-Fatal,Substantial,Airplane,N1370B,LUSCOMBE,8F,No,1,Reciprocating,Part 91: General Aviation,,Personal,,0,0,0,2,VMC,TAKEOFF,Probable Cause,07/01/1983
20020917X02967,Accident,CHI82DA230,07/01/1982,"LADYSMITH, WI",United States,,,,,Non-Fatal,Substantial,Airplane,N40037,PIPER,PA-28-161,No,1,Reciprocating,Part 91: General Aviation,,Personal,,0,0,0,1,VMC,CRUISE,Probable Cause,07/01/1983
20020917X02966,Accident,CHI82DA229,07/01/1982,"GRAND HAVEN, MI",United States,,,3GM,GRAND HAVEN AIRPARK,Non-Fatal,Substantial,Airplane,N211SB,CLANCY,SKYBABY,Yes,1,Reciprocating,Part 91: General Aviation,,Personal,,0,0,1,0,VMC,TAKEOFF,Probable Cause,07/01/1983
20020917X02887,Accident,ATL82FLQ07,07/01/1982,"MCWHORTER, KY",United States,,,,,Non-Fatal,Destroyed,Airplane,N27JK,,KR-2,Yes,1,Reciprocating,Part 91: General Aviation,,Personal,,0,1,1,0,VMC,CRUISE,Probable Cause,07/01/1983
20020917X02771,Accident,ATL82DA188,07/01/1982,"DODDSVILLE, MS",United States,,,,,Non-Fatal,Substantial,Airplane,N7397,GRUMMAN,G-164A,No,1,Reciprocating,Part 137: Agricultural,UNK,Aerial Application,,0,0,0,1,VMC,MANEUVERING,Probable Cause,07/01/1983
20020917X02649,Accident,ANC82DA054,07/01/1982,"KASILOF, AK",United States,,,5KS,KASILOF,Non-Fatal,Substantial,Airplane,N84211,CESSNA,172K,No,1,Reciprocating,Part 91: General Aviation,,Personal,,0,0,2,2,VMC,LANDING,Probable Cause,07/01/1983
20020917X03723,Accident,LAX82FVM17,08/01/1982,"SCOTTS VALLEY, CA",United States,,,,,Fatal(1),Destroyed,Airplane,N61861,GREAT LAKES,2T-1A-2,No,1,Reciprocating,Part 91: General Aviation,,Unknown,,1,0,0,0,VMC,MANEUVERING,Probable Cause,08/01/1983
20020917X04133,Accident,SEA82DA133,08/01/1982,"FRIDAY HARBOR, WA",United States,,,WA24,FRIDAY HARBOR/SEAPLANE B.,Non-Fatal,Substantial,Airplane,CGZDT,CESSNA,A185F,No,1,Reciprocating,Part 91: General Aviation,,Executive/Corporate,,0,0,0,1,VMC,LANDING,Probable Cause,08/01/1983
20020917X03981,Accident,NYC82DA179,08/01/1982,"ERWINNA, PA",United States,,,N1,VAN SANT AIRPORT,Non-Fatal,Substantial,Airplane,N3988V,CESSNA,170,No,1,Reciprocating,Part 91: General Aviation,,Instructional,,0,0,0,2,VMC,LANDING,Probable Cause,08/01/1983
20020917X03980,Accident,NYC82DA178,08/01/1982,"DUBOIS, PA",United States,,,DUJ,DUBOIS,Non-Fatal,Substantial,Airplane,N2852E,PIPER,PA-28-181,No,1,Reciprocating,Part 91: General Aviation,,Personal,,0,0,0,3,VMC,CRUISE,Probable Cause,08/01/1983
20020917X03767,Accident,MIA82DA162,08/01/1982,"ORLANDO, FL",United States,,,X30,MAGUIRE,Non-Fatal,Substantial,Airplane,N9109V,MOONEY,M20F,No,1,Reciprocating,Part 91: General Aviation,,Personal,,0,0,0,3,VMC,TAKEOFF,Probable Cause,08/01/1983
20020917X03598,Accident,LAX82DA286,08/01/1982,"NOVATO, CA",United States,,,56,GNOSS FIELD,Non-Fatal,Substantial,Airplane,N5440J,CESSNA,172N,No,1,Reciprocating,Part 91: General Aviation,,Personal,,0,0,0,2,VMC,LANDING,Probable Cause,08/01/1983
20020917X03383,Accident,FTW82DA309,08/01/1982,"LOS LUMAS, NM",United States,,,E98,MID VALLEY,Non-Fatal,Substantial,Airplane,N36709,STINSON,10A,No,1,Reciprocating,Part 91: General Aviation,,Personal,,0,0,0,3,VMC,LANDING,Probable Cause,08/01/1983
20020917X03379,Accident,FTW82DA304,08/01/1982,"COTULLA, TX",United States,,,COT,COTULLA MUNICIPAL,Non-Fatal,Substantial,Airplane,N832BW,CESSNA,421B,No,2,Reciprocating,Part 91: General Aviation,,Business,,0,0,0,1,VMC,CRUISE,Probable Cause,08/01/1983
20020917X03014,Accident,CHI82DA288,08/01/1982,"ROCKFORD, IL",United States,,,1C8,COTTONWOOD,Non-Fatal,Substantial,Airplane,N5286L,PIPER,PA-28-180,No,1,Reciprocating,Part 91: General Aviation,,Personal,,0,0,0,5,VMC,TAKEOFF,Probable Cause,08/01/1983
20020917X02848,Accident,ATL82FA224,08/01/1982,"MT AIRY, NC",United States,,,MWK,MT. AIRY-SURRY CTY,Non-Fatal,Substantial,Airplane,N61856,CESSNA,172,No,1,Reciprocating,Part 91: General Aviation,,Personal,,0,0,0,3,VMC,LANDING,Probable Cause,08/01/1983
20020917X02800,Accident,ATL82DA225,08/01/1982,"KEYSER, WV",United States,,,PVT,MILLER FIELD,Non-Fatal,Destroyed,Airplane,N2386K,PIPER,PA-38-112,No,1,Reciprocating,Part 91: General Aviation,,Personal,,0,0,0,2,VMC,GO-AROUND,Probable Cause,08/01/1983
20020917X02799,Accident,ATL82DA223,08/01/1982,"ALABASTER, AL",United States,,,21A,SHELBY COUNTY,Non-Fatal,Destroyed,Airplane,N11GT,AERO COMMANDER,680FL,No,2,Reciprocating,Part 91: General Aviation,,Unknown,,0,0,0,1,VMC,CRUISE,Probable Cause,08/01/1983
20020917X02798,Accident,ATL82DA222,08/01/1982,"GREER, SC",United States,,,GSP,GREENVILLE-SPARTANBURG,Non-Fatal,Substantial,Airplane,N1831F,BEECH,C23,No,1,Reciprocating,Part 91: General Aviation,,Instructional,,0,1,0,0,VMC,TAKEOFF,Probable Cause,08/01/1983
20020917X04275,Accident,ATL82FA261,09/01/1982,"LAWRENCEVILLE, GA",United States,,,17A,GWINETT COUNTY,Fatal(1),Destroyed,Airplane,N3247A,CESSNA,170B,No,1,Reciprocating,Part 91: General Aviation,,Personal,,1,0,0,0,VMC,DESCENT,Probable Cause,09/01/1983
20020917X04953,Accident,MKC82DA163,09/01/1982,"ELDORA, IA",United States,,,,,Non-Fatal,Substantial,Airplane,N72470,CESSNA,140,No,1,Reciprocating,Part 91: General Aviation,,Personal,,0,0,0,2,VMC,CRUISE,Probable Cause,09/01/1983
20020917X04831,Accident,LAX83FVM03,09/01/1982,"PALO ALTO, CA",United States,,,PAO,PALO ALTO,Non-Fatal,Substantial,Airplane,N78EV,FALKENTHAL,VARIEZE,Yes,1,Reciprocating,Part 91: General Aviation,,Personal,,0,1,0,0,VMC,APPROACH,Probable Cause,09/01/1983
20020917X04730,Accident,LAX82DA327,09/01/1982,"DAGGETT, CA",United States,,,,,Non-Fatal,Substantial,Airplane,N2584L,CESSNA,172H,No,1,Reciprocating,Part 91: General Aviation,,Personal,,0,0,4,0,UNK,UNKNOWN,Probable Cause,09/01/1983
20020917X04587,Accident,FTW82DA363,09/01/1982,"MCCOOK, TX",United States,,,,,Non-Fatal,Substantial,Airplane,N9703V,CESSNA,172M,No,1,Reciprocating,Part 91: General Aviation,,Personal,,0,0,0,1,VMC,LANDING,Probable Cause,09/01/1983
20020917X04585,Accident,FTW82DA361B,09/01/1982,"PLAINVIEW, TX",United States,,,PVW,HALE COUNTY,Non-Fatal,Minor,Airplane,N520T,BEECH,95-C55,No,2,Reciprocating,Part 91: General Aviation,,Business,,0,0,0,2,VMC,APPROACH,Probable Cause,09/01/1983
20020917X04585,Accident,FTW82DA361A,09/01/1982,"PLAINVIEW, TX",United States,,,PVW,HALE COUNTY,Non-Fatal,Substantial,Airplane,N62405,CESSNA,172P,No,1,Reciprocating,Part 91: General Aviation,,Personal,,0,0,0,2,VMC,APPROACH,Probable Cause,09/01/1983
20020917X04422,Incident,CHI82IA331,09/01/1982,"APPLETON, WI",United States,,,ATW,OUTAGAMIE CO. A/P,Incident,Minor,Airplane,N261S,SWEARINGEN,SA-226TC,No,2,Turbo Prop,Part 91: General Aviation,,Unknown,,0,0,0,2,VMC,TAKEOFF,Probable Cause,09/01/1983
20020917X04253,Accident,ATL82DA260,09/01/1982,"HILLSBORO, AL",United States,,,,,Non-Fatal,Destroyed,Airplane,N9759V,CESSNA,A188,No,1,Reciprocating,Part 137: Agricultural,UNK,Aerial Application,,0,0,1,0,VMC,MANEUVERING,Probable Cause,09/01/1983
20020917X04252,Accident,ATL82DA259,09/01/1982,"MIDDLETOWN, VA",United States,,,10,GREATLAND FARM,Non-Fatal,Substantial,Airplane,N2530F,CHAMPION,7ECA,No,1,Reciprocating,Part 91: General Aviation,,Personal,,0,0,0,2,VMC,GO-AROUND,Probable Cause,09/01/1983
20020917X04251,Accident,ATL82DA258,09/01/1982,"LOUISVILLE, KY",United States,,,,STANDIFORD FIELD,Non-Fatal,Substantial,Helicopter,N8982F,HUGHES,269C,No,1,Reciprocating,Part 91: General Aviation,,Unknown,,0,0,1,1,IMC,CRUISE,Probable Cause,09/01/1983
20020917X04200,Accident,ANC82DAA17,09/01/1982,"20 ESE NORTH PO, AK",United States,,,,,Non-Fatal,Substantial,Airplane,N83593,PIPER,PA-18,No,1,Reciprocating,Part 91: General Aviation,,Personal,,0,0,0,2,VMC,TAKEOFF,Probable Cause,09/01/1983
20020917X04183,Accident,ANC82DA082,09/01/1982,"ANCHORAGE, AK",United States,,,,UNIMPROVED AIRSTRIP,Non-Fatal,Substantial,Airplane,N6195D,PIPER,PA-18,No,1,Reciprocating,Part 91: General Aviation,,Personal,,0,0,0,2,VMC,TAKEOFF,Probable Cause,09/01/1983
20020917X04530,Accident,DEN83FA001,10/01/1982,"WOLSEY, SD",United States,,,,,Fatal(1),Destroyed,Airplane,N6553C,PIPER,PA-28-181,No,1,Reciprocating,Part 91: General Aviation,,Personal,,1,0,0,0,IMC,APPROACH,Probable Cause,10/01/1983
20020917X05146,Accident,SEA83LA003,10/01/1982,"NEWBERG, OR",United States,,,17S,CHEHALEM,Non-Fatal,Substantial,Airplane,N15543,PIPER,PA-28-140,No,1,Reciprocating,Part 91: General Aviation,,Personal,,0,0,1,0,VMC,LANDING,Probable Cause,10/01/1983
20020917X05145,Accident,SEA83LA002,10/01/1982,"MATTAWA, WA",United States,,,,,Non-Fatal,Substantial,Airplane,N57608,PIPER,PA-36,No,1,Reciprocating,Part 137: Agricultural,UNK,Unknown,,0,0,0,1,VMC,LANDING,Probable Cause,10/01/1983
20020917X04991,Accident,MKC83LA001,10/01/1982,"OLATHE, KS",United States,,,OJC,JOHNSON COUNTY EXECUTIVE,Non-Fatal,Substantial,Airplane,N8343A,PIPER,PA-32-301,Yes,1,Reciprocating,Part 91: General Aviation,,Business,,0,0,0,2,VMC,LANDING,Probable Cause,10/01/1983
20020917X04921,Accident,MIA83LA008,10/01/1982,"NEAR GREAT INAG, Bahamas",Bahamas,,,,,Non-Fatal,Destroyed,Airplane,N300RF,BEECH,B24R,No,1,Reciprocating,Part 91: General Aviation,,Personal,,0,1,0,0,VMC,CRUISE,Probable Cause,10/01/1983
20020917X04918,Accident,MIA83LA004,10/01/1982,"LAKE CITY, FL",United States,,,31J,LAKE CITY,Non-Fatal,Substantial,Airplane,N8944U,BEECH,35-C33,No,1,Reciprocating,Part 91: General Aviation,,Business,,0,0,0,4,VMC,LANDING,Probable Cause,10/01/1983
20020917X04678,Accident,FTW83LA007,10/01/1982,"PINE BLUFF, AR",United States,,,PBF,GRIDER FIELD,Non-Fatal,Substantial,Airplane,N8119F,CESSNA,150F,No,1,Reciprocating,Part 91: General Aviation,,Instructional,,0,0,1,0,VMC,LANDING,Probable Cause,10/01/1983
20020917X04439,Accident,CHI83LA002,10/01/1982,"ROMEOVILLE, IL",United States,,,LOT,ROMEOVILLE,Non-Fatal,Substantial,Airplane,N4434A,PIPER,PA-22,No,1,Reciprocating,Part 91: General Aviation,,Personal,,0,0,1,0,VMC,LANDING,Probable Cause,10/01/1983
20020917X04438,Accident,CHI83LA001,10/01/1982,"MT. VERNON, OH",United States,,,664,MT. VERNON WYNKOOP,Non-Fatal,Destroyed,Gyrocraft,N9985F,BENSON,GYROCOPTER,Yes,1,Reciprocating,Part 91: General Aviation,,Unknown,,0,0,0,1,VMC,LANDING,Probable Cause,10/01/1983
20020917X04222,Accident,ANC83FAA03,10/01/1982,"27 E SAGWON, AK",United States,,,,RIDGE ALONG RIVER,Non-Fatal,Substantial,Airplane,N13960,PIPER,PA-18,No,1,Reciprocating,Part 91: General Aviation,,Personal,,0,0,0,1,VMC,MANEUVERING,Probable Cause,10/01/1983
20020917X04662,Accident,FTW83FRA02,11/01/1982,"3 NORTH BROOKSH, TX",United States,,,,,Fatal(1),Destroyed,Airplane,N28352,"JOHNSON, DOUGLAS L.",JAYHAWK,Yes,1,Reciprocating,Part 91: General Aviation,,Personal,,1,0,0,0,VMC,MANEUVERING,Probable Cause,11/01/1983
20020917X05158,Accident,SEA83LA016,11/01/1982,"RITZVILLE, WA",United States,,,33S,PRU FIELD,Non-Fatal,Substantial,Airplane,N1571R,GRUMMAN AMERICAN,AA-1B,No,1,Reciprocating,Part 91: General Aviation,,Personal,,0,0,2,0,VMC,LANDING,Probable Cause,11/01/1983
20020917X05056,Accident,NYC83FA016,11/01/1982,"MEADVILLE, PA",United States,,,,PORT MEADVILLE,Non-Fatal,Substantial,Airplane,N402DL,CESSNA,402B,No,2,Reciprocating,Part 135: Air Taxi & Commuter,NSCH,Unknown,"DARNE, INC.",0,0,0,3,VMC,LANDING,Probable Cause,11/01/1983
20020917X04698,Accident,FTW83LA032,11/01/1982,"HOUSTON, TX",United States,,,,,Non-Fatal,Substantial,Airplane,N21136,PIPER,PA-32RT-300,No,1,Reciprocating,Part 91: General Aviation,,Unknown,,0,0,0,2,IMC,UNKNOWN,Probable Cause,11/01/1983
20020917X04697,Accident,FTW83LA030,11/01/1982,"ANDREWS, TX",United States,,,,,Non-Fatal,Substantial,Airplane,N7521Z,PIPER,PA-25-235,No,1,Reciprocating,Part 133: Rotorcraft Ext. Load,UNK,Unknown,,0,0,0,1,VMC,LANDING,Probable Cause,11/01/1983
20020917X04462,Accident,CHI83LA031,11/01/1982,"MARSHALL, MN",United States,,,MML,RYAN FIELD,Non-Fatal,Destroyed,Airplane,N6246J,PIPER,PA-28-181,No,1,Reciprocating,Part 91: General Aviation,,Personal,,0,2,1,0,IMC,TAKEOFF,Probable Cause,11/01/1983
20020917X04356,Accident,ATL83LA023,11/01/1982,"EXMORE, VA",United States,,,,,Non-Fatal,Substantial,Airplane,N981C,STINSON,108-3,Yes,1,Reciprocating,Part 91: General Aviation,,Personal,,0,0,0,3,VMC,CRUISE,Probable Cause,11/01/1983
20020917X04355,Accident,ATL83LA022,11/01/1982,"WINSTON-SALEM, NC",United States,,,INT,SMITH-REYNOLDS,Non-Fatal,Substantial,Airplane,N711GD,BEECH,B90,No,2,Turbo Prop,Part 91: General Aviation,,Ferry,,0,0,0,2,VMC,TAXI,Probable Cause,11/01/1983
20020917X04225,Incident,ANC83IA010,11/01/1982,"BARROW, AK",United States,,,,,Incident,Minor,Airplane,N50DA,SHORT BROS.,SC7 SERIES 3,No,2,Turbo Prop,Part 135: Air Taxi & Commuter,NSCH,Unknown,CAPE SMYTHE AIR SERVICE INC.,0,0,1,2,VMC,APPROACH,Probable Cause,11/01/1983
20020917X05062,Accident,NYC83FA037,12/01/1982,"DOUGLASSVILLE, PA",United States,,,N47,POTTSTOWN MUNICIPAL,Fatal(3),Destroyed,Airplane,N32750,PIPER,PA-32-260,No,1,Reciprocating,Part 135: Air Taxi & Commuter,NSCH,Unknown,"BASCO FLYING SERVICE, INC.",3,2,0,0,IMC,GO-AROUND,Probable Cause,12/01/1983
20020917X04433,Accident,CHI83FA050,12/01/1982,"MEDINA, OH",United States,,,FDM,FREEDOM FIELD,Fatal(1),Destroyed,Airplane,N29528,CESSNA,177,No,1,Reciprocating,Part 91: General Aviation,,Personal,,1,0,0,0,IMC,APPROACH,Probable Cause,12/01/1983
20020917X05166,Accident,SEA83LA026,12/01/1982,"HOOD RIVER, OR",United States,,,4S2,HOOD RIVER,Non-Fatal,Substantial,Airplane,N9415K,STINSON,108-2,No,1,Reciprocating,Part 91: General Aviation,,Ferry,,0,0,0,1,VMC,TAKEOFF,Probable Cause,12/01/1983
20020917X05142,Incident,SEA83IA027,12/01/1982,"BOISE, ID",United States,,,BOI,GOWEN FIELD,Incident,,Airplane,N785NC,MCDONNELL DOUGLAS,DC-9-51,No,2,Turbo Fan,Part 121: Air Carrier,SCHD,Unknown,"REPUBLIC AIRLINES, INC.",0,0,0,22,VMC,DESCENT,Probable Cause,12/01/1983
20020917X04572,Accident,DEN83LA029,12/01/1982,"MILES CITY, MT",United States,,,17LS,MILES CITY MUNICIPAL,Non-Fatal,Substantial,Airplane,N30RA,CESSNA,310R,No,2,Reciprocating,Part 135: Air Taxi & Commuter,SCHD,Unknown,PHILIP O. PETRIK,0,0,0,5,IMC,LANDING,Probable Cause,12/01/1983
20020917X04571,Accident,DEN83LA028,12/01/1982,"SANTA RITA, MT",United States,,,,SANTA RITA,Non-Fatal,Substantial,Airplane,N2066J,CESSNA,T188C,No,1,Reciprocating,Part 91: General Aviation,,Unknown,,0,0,0,1,VMC,LANDING,Probable Cause,12/01/1983
20020917X01656,Accident,ANC82FAG14,01/02/1982,"SKWENTA, AK",United States,,,,,Fatal(3),Destroyed,Airplane,N7641A,CESSNA,180,No,1,Reciprocating,Part 91: General Aviation,,Personal,,3,0,0,0,VMC,UNKNOWN,Probable Cause,01/02/1983
20020917X02117,Accident,FTW82FPG08,01/02/1982,"LITTLE ROCK, AR",United States,,,,,Fatal(2),Destroyed,Airplane,N9779L,BEECH,19,No,1,Reciprocating,Part 91: General Aviation,,Personal,,2,0,0,0,IMC,CRUISE,Probable Cause,01/02/1983
20020917X02134,Accident,FTW82FRA14,01/02/1982,"HEARNE, TX",United States,,,T72,HEARNE MUNICIPAL,Fatal(1),Destroyed,Airplane,N758SK,CESSNA,R172K,No,1,Reciprocating,Part 91: General Aviation,,Personal,,1,0,0,0,IMC,TAKEOFF,Probable Cause,01/02/1983
20020917X02119,Accident,FTW82FPJ10,01/02/1982,"CHICKASHA, OK",United States,,,,,Fatal(1),Destroyed,Airplane,N4876K,NAVION,A,No,1,Reciprocating,Part 91: General Aviation,,Personal,,1,0,0,0,IMC,CRUISE,Probable Cause,01/02/1983
20020917X02481,Accident,NYC82DA016,01/02/1982,"GALETON, PA",United States,,,5G6,CHERRY SPRINGS,Non-Fatal,Substantial,Airplane,N25084,CESSNA,172,No,1,Reciprocating,Part 91: General Aviation,,Personal,,0,0,0,1,VMC,TAXI,Probable Cause,01/02/1983
20020917X02339,Accident,MIA82DA028,01/02/1982,"MIAMI, FL",United States,,,,,Non-Fatal,Substantial,Helicopter,N23BS,SMITH,WCS-222 (BELL 47G),No,1,Reciprocating,Part 91: General Aviation,,Personal,,0,0,0,2,VMC,CRUISE,Probable Cause,01/02/1983
20020917X02148,Accident,FTW82FRJ07,01/02/1982,"HOMER, LA",United States,,,,,Non-Fatal,Destroyed,Airplane,N14779,BELLANCA,17-30A,No,1,Reciprocating,Part 91: General Aviation,,Personal,,0,0,1,0,IMC,CRUISE,Probable Cause,01/02/1983
20020917X01962,Accident,DEN82DTM08,01/02/1982,"MIDWAY, UT",United States,,,,FIELD RANCH,Non-Fatal,Destroyed,Helicopter,N51735,ENSTROM,280C,No,1,Reciprocating,Part 91: General Aviation,,Personal,,0,0,0,1,IMC,TAXI,Probable Cause,01/02/1983
20020917X01894,Accident,CHI82FEC08,01/02/1982,"YPSILANTI, MI",United States,,,YIP,WILLOW RUN,Non-Fatal,Substantial,Airplane,N68812,CESSNA,152,No,1,Reciprocating,Part 91: General Aviation,,Instructional,,0,0,0,1,VMC,TAKEOFF,Probable Cause,01/02/1983
20020917X01776,Accident,CHI82DA020,01/02/1982,"CHARLOTTE, MI",United States,,,49G,TINKERBELL,Non-Fatal,Substantial,Airplane,N1549Q,CESSNA,150L,No,1,Reciprocating,Part 91: General Aviation,,Personal,,0,0,0,2,VMC,APPROACH,Probable Cause,01/02/1983
20020917X01657,Accident,ATL82DA027,01/02/1982,"CHAMBLEE, GA",United States,,,PDK,,Non-Fatal,Substantial,Helicopter,N5745Y,BELL,206L-1,No,1,Turbo Shaft,Part 135: Air Taxi & Commuter,NSCH,Unknown,"ROCKY MOUNTAIN HELICOPTERS, IN",0,0,0,1,VMC,APPROACH,Probable Cause,01/02/1983
20020917X02139,Accident,FTW82FRD08,02/02/1982,"JEANERETTE, LA",United States,,,,,Fatal(2),Destroyed,Airplane,N3166J,CESSNA,150G,No,1,Reciprocating,Part 91: General Aviation,,Personal,,2,0,0,0,VMC,UNKNOWN,Probable Cause,02/02/1983
20020917X02539,Accident,NYC82FA029,02/02/1982,"NEWBURGH, NY",United States,,,SWF,STEWART,Fatal(1),Destroyed,Airplane,N62481,PIPER,PA-23-250,No,2,Reciprocating,Part 135: Air Taxi & Commuter,NSCH,Unknown,"AIR VENTURES, INC.",1,0,0,0,IMC,APPROACH,Probable Cause,02/02/1983
20020917X02581,Accident,SEA82DA024,02/02/1982,"MOSES LAKE, WA",United States,,,,PRIVATE STRIP,Non-Fatal,Substantial,Airplane,N756GF,CESSNA,U206G,No,1,Reciprocating,Part 91: General Aviation,,Business,,0,0,0,1,VMC,LANDING,Probable Cause,02/02/1983
20020917X02007,Accident,FTW82DA054,02/02/1982,"DRYDEN, TX",United States,,,6R6,TERRELL COUNTY,Non-Fatal,Substantial,Airplane,N6618N,CESSNA,T210N,No,1,Reciprocating,Part 91: General Aviation,,Business,,0,0,0,1,VMC,LANDING,Probable Cause,02/02/1983
20020917X01963,Accident,DEN82DTM10,02/02/1982,"WEST JORDAN, UT",United States,,,U42,SALT LAKE #2,Non-Fatal,Substantial,Airplane,N12BK,SMITH MINIPLANE,BK-1,Yes,1,Reciprocating,Part 91: General Aviation,,Personal,,0,0,0,1,VMC,LANDING,Probable Cause,02/02/1983
20020917X02550,Accident,NYC82FGT08,03/02/1982,"SCOTLAND, PA",United States,,,,ROCKTOP,Fatal(2),Destroyed,Airplane,N7378L,CESSNA,A152,No,1,Reciprocating,Part 91: General Aviation,,Personal,,2,0,0,0,VMC,MANEUVERING,Probable Cause,03/02/1983
